"username","tweet_id","text","url","replies","likes","retweets"
"@rikamulyasari16","1721431934944047324","Alhamdulillah hal yg dianggap remeh..hanya tidak membeli produk2 mrk ternyata berpengaruh..#BoycottMcDonalds","https://twitter.com/rikamulyasari16/status/1721431934944047324","0","1","0"
"@dela_pino","1721087053876896198","Mereka yg membutuhkan uang kita
Sedangkan kita tdk membutuhkan produk yahudi
#BoycottMcDonalds","https://twitter.com/dela_pino/status/1721087053876896198","1","1","0"
"@InfoKongsi","1721066948832973019","tetap boikot #BoycottMcDonalds @McDMalaysia #StandWithPalestine","https://twitter.com/InfoKongsi/status/1721066948832973019","0","0","0"
"@Vanila_MistD","1721022836775743965","Betul, tetap setoran royalti ke zionis

#BoycottMcDonalds","https://twitter.com/Vanila_MistD/status/1721022836775743965","0","0","0"
"@bethorokollo","1720901486631326011","Semoga para karyawan mc d mendapatkan pekerjaan yang lebih baik #BoycottMcDonalds","https://twitter.com/bethorokollo/status/1720901486631326011","0","0","0"
"@kejora4755","1720790499303526483","Sorry dia bayar royalti, still salah. Dia boleh dah start tukar business model . #BoycottMcDonalds","https://twitter.com/kejora4755/status/1720790499303526483","0","0","0"
"@CutRosa1999","1720788981510762897","Haisssttt....peduli amat sama yg otaknya sdh terkontaminasi. Seng sepaham.... hayuuuu ...... STOP konsumsi produk pro ISRAEL... 🔥🔥🔥🍉🍉
#BoycottMcDonalds
#boikotprodukisrael","https://twitter.com/CutRosa1999/status/1720788981510762897","0","0","0"
"@reviewstuffs","1720787845135405494","Support lokal. Jangan beli makanan atau barang dari US.

Lebih baik untuk ekonomi kita, pekerja kita, dan negara kita. Bagus jugak untuk selamatkan rakyat Palestin.

#BoycottUS
#BoycottStarbucks
#BoycottMcDonalds
#BoycottDisney
#BoycottHP
#BoycottPuma","https://twitter.com/reviewstuffs/status/1720787845135405494","0","0","1"
"@YoanAngeIic","1720777841158279570","STOP MAKAN"" & MERAYAKAN ULTAH ANAK"" anda di MC Donald !!

#BoycottMcDonalds #BDS #FreePalestine","https://twitter.com/YoanAngeIic/status/1720777841158279570","0","2","0"
"@InfoKongsi","1720733194016985591","tetap boikot #BoycottMcDonalds #BoycottGrab #BoycottStarbucks #StandWithPalestine","https://twitter.com/InfoKongsi/status/1720733194016985591","0","0","1"
"@HerryAchmad81","1720724633400533087","Kalo merasa unggul, percaya diri dong. Jangan ndompleng jokowi. #BoycottGolkar #BoycottMcDonalds #BoycottGerindra","https://twitter.com/HerryAchmad81/status/1720724633400533087","0","0","0"
"@ajwahehe","1720536588910989644","Humara iman itna strong hona chaiye na k sajda krtay krtay ruk jao sirf duniya ki Khatir .
   Msg for shami 
#AFGvsENG #ThankYouBabarforPulao #BoycottMcDonalds","https://twitter.com/ajwahehe/status/1720536588910989644","0","0","0"
"@1rham_1brahim","1720334784621400226","Dah kena boycott menggelupur la. 

Keep on boycotting company harga YAHUDI.

@GrabMY #boycottGrab #BoycottStarbucks #BoycottMcDonalds #BoycottDisney","https://twitter.com/1rham_1brahim/status/1720334784621400226","0","0","0"
"@Rooster78B","1720126980689920087","Bodoh amat...! 
#FreePalestine
#BoycottMcDonalds","https://twitter.com/Rooster78B/status/1720126980689920087","0","2","0"
"@lylemaulina","1719668329810669854","Sudah #BoycottStarbucks #StarbucksBoycott dari lama untuk seterusnya. 
Dan mulai skarang #BoycottMcDonalds untuk seterusnya.","https://twitter.com/lylemaulina/status/1719668329810669854","0","0","0"
"@CikNaduta","1719633902317490334","Baru diuji dgn boikot dah lemah, cakap pilihan masing2. Adakah iman kita senipis daging mcd?! #BoycottMcDonalds","https://twitter.com/CikNaduta/status/1719633902317490334","0","6","0"
"@paradox6666666","1719603017006363107","beli mcD sama dengan menyumbang peluru yang akan ditembakkan ke anak palestina
#BoycottMcDonalds","https://twitter.com/paradox6666666/status/1719603017006363107","0","2","0"
"@AgroFishLombok","1719297279549718814","Press release McDonald's indonesia sangat normatif. Coba tes, beranikah mrk mengutuk serangan teroris israel ke gaza yg menewaskan ribuan bayi dan anak? 
#BoycottMcDonalds","https://twitter.com/AgroFishLombok/status/1719297279549718814","0","0","0"
"@mdsyaddad","1718987747069972666","Dgr cite skrg mcd n kfc diorg punya staf kena shortkan work hour sbb company tgh ada financial prob … maybe ni sbb boikot kot … just keep #BoycottMcDonalds #boycottkfc","https://twitter.com/mdsyaddad/status/1718987747069972666","0","0","0"
"@novalh","1718873072575640026","Gak makan McD gak mati kok kita, sumbangan McD ke Israhell yg turut membunuh saudara kita di Palestina
#BoycottMcDonalds","https://twitter.com/novalh/status/1718873072575640026","0","3","1"
"@iiilinoyaaa","1718745851810750498","Nama baik brand juga dipertaruhkan disini 
Jadi jangan ragu setiap hari naikin hastag 
#BoycottStarbucks #boycottisraelbrands #BoycottMcDonalds #boycottunilever #BoycottDisney 

INDONESIA TIDAK MENGAKUI ISRAEL SEBAGAI NEGARA BERDAULAT jadi tolong jangan takut untuk bersuara","https://twitter.com/iiilinoyaaa/status/1718745851810750498","1","1","0"
"@Raeraraera","1718680804321353888","Apakah keuntungan penjualan McD ID nantinya mengalir ke teroris israel buat membantai pejuang Hamas dan masyarakat Gaza yg tengah mempertahankan tanah dan rumah mrk yg dijarah  oleh teoris israel? #FreePalestine #BoycottMcDonalds","https://twitter.com/Raeraraera/status/1718680804321353888","0","0","0"
"@kang_asepakuda","1718664513267151294","Smenjak prtama kali nongol McD di Indonesia sampai skarang, saya mkn produk mrka bisa dihitung dgn jari #BoycottMcDonalds","https://twitter.com/kang_asepakuda/status/1718664513267151294","0","4","0"
"@tertusukdihati","1718566499911377281","Jangan lupa letak # jang

#BoycottStarbucks
#BoycottMcDonalds
#StarbucksBoycott
#McDonaldsboycott","https://twitter.com/tertusukdihati/status/1718566499911377281","0","0","0"
"@lylemaulina","1718294726720573601","Tetap istiqomah #BoycottMcDonalds","https://twitter.com/lylemaulina/status/1718294726720573601","0","0","0"
"@ashpenat","1718293201851937254","Starbucks openly support Israel begitu juga McD yang terang2 bagi bantuan makanan dekat tentera dorang. 

Kalau korang still makan/minum produk dorang korang memang takde hati perut! 

Jangan jadi bodo ckp McD Malaysia milik orang Islam!!

#BoycottMcDonalds
#BoycottStarbucks","https://twitter.com/ashpenat/status/1718293201851937254","0","1","1"
"@snaim247","1718292965993664833","Kah...time ni masa yg sesuai utk kedai kopi lokal, kecik atau besar kena menyinar. Buat marketing dgn tunjuk benda betul, bersolidariti. Manfaatkan masa jerung tengah lemah, keluarkan semua yg ada. #supportlokal #BoycottMcDonalds","https://twitter.com/snaim247/status/1718292965993664833","0","0","0"
"@InfoKongsi","1717205167224115323","tetap boikot #BoycottMcDonalds","https://twitter.com/InfoKongsi/status/1717205167224115323","0","1","1"
"@InfoKongsi","1717204586396811569","tetap boikot @McDMalaysia #BoycottMcDonalds","https://twitter.com/InfoKongsi/status/1717204586396811569","0","0","0"
"@Da06Ray","1717122841529757888","Pakistani intehai ghatiya qoum hain. Sirf itna bola hai k McDonald's KFC Coca Cola Pamper or is tarha ki 2,4 cheezain chor do. Par nahi in khabeeso ki zindagi hi in cheezonse chalti hai. Bhar me gai Ummat e Muslimah. Party nahi rukni chahye.

#BoycottMcDonalds","https://twitter.com/Da06Ray/status/1717122841529757888","0","1","0"
"@pmanlixious","1717016153548317112","Gw bs makan di McD 2-3x seminggu. Ud jadi habit kalau lagi jalan kemanapun, tempat terakhir basiannya pst di McD. 
Tapi sejak minggu ini gw udah berhenti kesana #BoycottMcDonalds.

 Agak berat sih krn jarang ad tempat nongkrong alternatif senyaman dan semurah McD. #FreePalestine","https://twitter.com/pmanlixious/status/1717016153548317112","0","0","0"
"@21_mozza","1716825189697339464","#BoycottMcDonalds
#BoycottStarbucks 
Lagian aku gk pernah pergi ke tempat itu bng 😁","https://twitter.com/21_mozza/status/1716825189697339464","1","1","0"
"@bonekabapeng","1713863468905009315","Harapkan yang terbaik, rencanakan yang terburuk...

#BoycottMcDonalds
#GenocideinGaza","https://twitter.com/bonekabapeng/status/1713863468905009315","0","0","0"
"@gembor25","1713628219616919609","#BoycottMcDonalds
Setiap sen yg km keluar kan di Mc D' akan jadi peluru buat bunuh in saudara kita di palestine","https://twitter.com/gembor25/status/1713628219616919609","0","0","0"
"@mamangrtweet","1713620483718234309","udah pake tag ini #BoycottMcDonalds mas Gub?","https://twitter.com/mamangrtweet/status/1713620483718234309","0","0","0"
"@mamangrtweet","1713619796385014148","sory Bos.
Iman Muslim itu 1 tubuh.
@McDonalds_ID Indo harus ambil sikap.
pasar Indo itu gede dan mayoritas disini Muslim, juga Indonesia berdiri dengan Palestina.
pokoknya #BoycottMcDonalds .
1 lagi, Rejeki itu bagaikan air hujan","https://twitter.com/mamangrtweet/status/1713619796385014148","0","0","0"
"@Realjamal_015","1713617583616749769","Pakistan ma unity nahi ha Ghareeb Banda or middle class Banda hi qurbani deta Ameer Banda sirf Comment parhta or tweet krta ghr beth k afsoos #BoycottMcDonalds","https://twitter.com/Realjamal_015/status/1713617583616749769","0","0","0"
"@Realjamal_015","1713617222327803934","Ma ny aaj Karachi ma dekha log McDonald's ma b ja rhy or KFC ma b full tha logon ma sharm nahi ha Paisa ha na kia bolen 🥺 #BoycottMcDonalds #Boycott #INDvsPAK #IndiavsPak","https://twitter.com/Realjamal_015/status/1713617222327803934","0","0","0"
"@Bambang18579814","1713580959659135192","#BoycottMcDonalds
#BoycottMcDonalds 
Karena saya tdk ingin malaikat bertanya uangmu kau belanjakan untuk apa?... Membunuh saudaramu di Palestina?...","https://twitter.com/Bambang18579814/status/1713580959659135192","0","8","2"
"@bethorokollo","1713550043742093694","Momen yang pas untuk kuliner Nusantara jadi favorit
#BoycottMcDonalds","https://twitter.com/bethorokollo/status/1713550043742093694","1","1","0"
"@_loeydarling","1713447750728315092","Kecewa sama @McDonalds @McDonalds_ID malah ngasih makanan ke Israel padahal jelas2 Israel jahattt 😥
#BoycottMcDonalds","https://twitter.com/_loeydarling/status/1713447750728315092","0","0","0"
"@ADelfiroza","1713444211394261491","Buat aku no dech berlumuran darah syahid nya org2 palestina penyokong utama teroris Israel...
#BoycottMcDonalds","https://twitter.com/ADelfiroza/status/1713444211394261491","0","0","0"
"@Agrung","1713429465387413554","#BoycottMcDonalds mereka support para zionis pembunuh","https://twitter.com/Agrung/status/1713429465387413554","0","6","0"
"@bethorokollo","1713427906725315062","Saatnya waralaba lokal berjaya
#BoycottMcDonalds","https://twitter.com/bethorokollo/status/1713427906725315062","0","0","0"
"@bethorokollo","1713420855865385209","Ayam geprek lokal gak kalah enak
#BoycottMcDonalds","https://twitter.com/bethorokollo/status/1713420855865385209","0","0","0"
"@chocolad999","1713419474294956269","Aag lagi basti mein, memna apni masti mein
#BoycottMcDonalds","https://twitter.com/chocolad999/status/1713419474294956269","0","0","0"
"@hiraakram2307","1713292939219312748","Shame on You McDonald's
#BoycottMcDonalds 
Jhoot ki intaha daikho yh zara koi sahib e aqal btye ga k in ki franchise lyny ka kia process h?
Wo to Pakistan sy lyny ka koi process nai h to phr ap yh ksy kh skty k Pakistan sy hmra koi link ni h .","https://twitter.com/hiraakram2307/status/1713292939219312748","0","0","0"
"@AbdulAzis544162","1713179526673670237","Bangkrutkan USA...
#BoycottMcDonalds
#BoycottMcDonalds","https://twitter.com/AbdulAzis544162/status/1713179526673670237","0","0","0"
"@CYsmne","1713178530782007611","Kok podo cin? #BoycottMcDonalds","https://twitter.com/CYsmne/status/1713178530782007611","1","1","0"
"@rifkyvettel7","1713161536280338710","Di mulai dari kita
Di mulai dari sekarang.
#BoycottMcDonalds","https://twitter.com/rifkyvettel7/status/1713161536280338710","2","20","7"
"@nerameliana","1713144977428205911","anjirrrrrrr mcd kecewa @McDonalds @McDonalds_ID #BoycottMcDonalds","https://twitter.com/nerameliana/status/1713144977428205911","0","1","0"
"@milhandsome","1713138391074979960","padahal baru semalem gw makan mekdi eh pas buka twitter tagar #BoycottMcDonalds rame bener","https://twitter.com/milhandsome/status/1713138391074979960","0","0","0"
"@DanuRA22","1713131193796006355","Entahlah apa yang mereka pikirkan.

#BoycottMcDonald
#BoycottMcDonalds","https://twitter.com/DanuRA22/status/1713131193796006355","0","0","0"
"@abdy1007am","1713122660371321226","#BoycottMcDonalds  kalau memang MD terbukti benar menyuplai makanan ke tentara israel ! 
lagian pastfood yg bisa bikin penyakit.","https://twitter.com/abdy1007am/status/1713122660371321226","0","0","0"
"@WorldWakeUp","1713107645505409517","Momen emas untuk umat Muslim di seluruh dunia dengan memboikot: McDonald's!

Terbukti di Israel dengan membagi2kan makanan gratis untuk tentara Zionis.

#FreePalestine #BoycottMcDonalds #GazaGenocide","https://twitter.com/WorldWakeUp/status/1713107645505409517","0","0","0"
"@Musramidal67","1713080706036064606","Yahudi laknatullah.
#IsraelTerroris
#BoycottMcDonalds","https://twitter.com/Musramidal67/status/1713080706036064606","0","3","1"
"@Bhat__jibran","1713038146328481817","Kashmir mai hai koi McDonald's?
#BoycottMcDonalds","https://twitter.com/Bhat__jibran/status/1713038146328481817","0","1","0"
"@NararyaAprodith","1712963926563094696","Tamu ayahnya mau disuguhin martabak telor...🤔
#BoycottMcDonalds
#BoycottMcDonalds","https://twitter.com/NararyaAprodith/status/1712963926563094696","1","1","0"
"@ramaArsy1","1712961568382878008","Editan laah... 😁

#BoycottMcDonalds asli","https://twitter.com/ramaArsy1/status/1712961568382878008","0","0","0"
"@FitraYouse","1712872560130670830","bisa juga bukan kacang lupa kulit🤔
monyet lupa kulit kacang misalnya🙏
#BoycottMcDonalds
#BoycottMcDonald","https://twitter.com/FitraYouse/status/1712872560130670830","0","1","0"
"@NiNiNu_Brainy5","1712768185156641098","Seumur2 ane gak pernah mau masuk n makan masakan dll buatan McDonald's mendingan pilih
#BoycottMcDonalds","https://twitter.com/NiNiNu_Brainy5/status/1712768185156641098","1","5","2"
"@engrmalakkashif","1712765527645634663","Islamabad,  Peshawar,  Lahore, Karachi, Quetta our bqii jaha jaha #McDonalds ha un logo kelay khas our aam Pakistanio kelay aam imtehan ka waqt howa chahta ha, pta lagega ketne dino ma @McDonalds #Pakistan ma closed hojata ha. Pakistanio atna tu krlo
#BoycottMcDonalds","https://twitter.com/engrmalakkashif/status/1712765527645634663","0","0","0"
"@NiNiNu_Brainy5","1712749677182177349","Ane gak pernah belanja di tempat itu dsj milik zionis
#BoycottMcDonalds
#BoycottMcDonalds","https://twitter.com/NiNiNu_Brainy5/status/1712749677182177349","0","0","0"
"@doikyouboss","1712736304805576942","Ik pak  #BoycottMcDonalds","https://twitter.com/doikyouboss/status/1712736304805576942","0","0","0"
"@BK_Jadoon","1712735818169655302","Mere pyari Pak fouj , Islam k muhawizo, tum log g jaan sa sharifo k talway chato, nawaz ka istiqbal ki tayariya kro, apna plots bachao, waha hamra Palestine bahen bahi mare ja rhe hai, Tum abna Bomb baith k chupo 

#BoycottMcDonalds #FreeGaza #IsraelPalestineConflict #PakArmy","https://twitter.com/BK_Jadoon/status/1712735818169655302","0","0","0"
"@Fahr_Razi","1712724789453009169","Saya sebagai konsumen yang sering membeli produk @McDonalds , sangat menyayangkan langkah tsb. You should give free meal to starving people in Gaza too...Start #BoycottMacdonalds , #BoycottMcDonalds","https://twitter.com/Fahr_Razi/status/1712724789453009169","0","3","3"
"@Alichanna_0007","1712721792949731652","Bantu lambungkan tagar ini
👇
#BoycottMcDonalds
❤️🖤🖤🖤🖤🖤🖤🖤🖤🖤🖤🖤
❤️❤️🖤🖤🖤🖤🖤🖤🖤🖤🖤🖤
❤️❤️❤️🖤🖤🖤🖤🖤🖤🖤🖤🖤
❤️❤️❤️❤️🤍🤍🤍🤍🤍🤍🤍🤍
❤️❤️❤️❤️❤🤍🤍🤍🤍🤍🤍🤍
❤️❤️❤️❤️🤍🤍🤍🤍🤍🤍🤍🤍
❤️❤️❤️💚💚💚💚💚💚💚💚💚
❤️❤️💚💚💚💚💚💚💚💚💚💚
❤️💚💚💚💚💚💚💚💚💚💚💚","https://twitter.com/Alichanna_0007/status/1712721792949731652","0","0","0"
"@aadil_77","1712718875455078736","Ban McDonald in Pakistan #BoycottMcDonalds","https://twitter.com/aadil_77/status/1712718875455078736","0","1","1"
"@AgroFishLombok","1712716730941005971","Lebih baik makan ayam taliwang drpd makan mcd
#BoycottMcDonalds","https://twitter.com/AgroFishLombok/status/1712716730941005971","0","1","1"
"@ucing_reborn","1712708675155202452","Gaaaaaaaaaz...
#BoycottMcDonalds
#BoycottMcDonalds 

Pa kbar om @vanc1Bozz and om @akuntwiter968?
*treyag pke towa mesjid coz om2koh pzti biz Shalat Jumat","https://twitter.com/ucing_reborn/status/1712708675155202452","1","3","1"
"@aquariuzta","1712683806778597669","#BoycottMcDonalds 

Tagarnya ketinggalan","https://twitter.com/aquariuzta/status/1712683806778597669","0","1","1"
"@nancym284","1499757757397979142","755 McDonald's in Russia;  21 in Belarus.
#BoycottMcDonalds","https://twitter.com/nancym284/status/1499757757397979142","0","0","0"
"@abadmichaelb","1275765054701334530","Tang ina @McDo_PH #boycottmcdonalds","https://twitter.com/abadmichaelb/status/1275765054701334530","0","0","0"
"@AliHass94480469","1165189666666102785","Chalo sari zindge haram khana wala indian na kuch saal halal to khia kuch
#BoycottMcDonalds","https://twitter.com/AliHass94480469/status/1165189666666102785","0","0","0"
"@AjayKha37156218","1165187269478584320","HALAL McD..#BoycottMcDonalds","https://twitter.com/AjayKha37156218/status/1165187269478584320","0","0","0"
"@femdomlover73","1165137645351133184","😂😂😂Hindus eating halal gow mata.. #BoycottMcDonalds","https://twitter.com/femdomlover73/status/1165137645351133184","0","0","0"
"@Ayoob79136395","1165125249635115008","india me McDonald's nahi hona chaye wahan pe #urine Donald's hona chahye #BoycottMcDonalds","https://twitter.com/Ayoob79136395/status/1165125249635115008","0","0","0"
"@socialpretend","1165067873800179712","Halal To theek hai lekin ye happy meal kyun band kar diya ??? #BoycottMcDonalds","https://twitter.com/socialpretend/status/1165067873800179712","0","0","0"
"@manshadjanjua","1165043137582129153","Ya indian muslims k liy sochny ka wkt ha #BoycottMcDonalds","https://twitter.com/manshadjanjua/status/1165043137582129153","0","1","0"
"@dillruba07","1165029462779584512","Jo Haram zaday hn unk ly Haram #food h r Jo halal k hn un k ly #halal food h😜 Haram zaadon ko #Halal food hazam Ni hoti✌❤❤🇵🇰
#BoycottMcDonalds","https://twitter.com/dillruba07/status/1165029462779584512","0","4","0"
"@IamBilal_sdk","1165014287921897472","Mai toh sirf Ice cream khanay jata hon MacDonald pay..
Too kya mai bhi #BoycottMcDonalds kr dn ?🙄🙄","https://twitter.com/IamBilal_sdk/status/1165014287921897472","0","1","0"
"@pkarmy32","1165010648020987908","Is @PizzaHutIN halal in India? #BoycottMcDonalds","https://twitter.com/pkarmy32/status/1165010648020987908","2","0","0"
"@pkarmy32","1165008789994708992","Is KFC halal in India? @kfc #boycottMcDonalds #BoycottMcDonalds","https://twitter.com/pkarmy32/status/1165008789994708992","0","0","0"
"@WqasSalem","1165006956265967627","#BoycottMcDonalds
Islam phobia at its peak.
buzdil qoum.","https://twitter.com/WqasSalem/status/1165006956265967627","0","0","0"
"@politicsmemer","1165005252782768134","Pehle #boycottzomato aur ab #BoycottMcDonalds
Bc tum logo ko religions se dikkat hai ya khane se?","https://twitter.com/politicsmemer/status/1165005252782768134","3","12","0"
"@Ganeshmajumda19","1165004521447100416","Nikal laude pehli fursat me nikal #BoycottMcDonalds","https://twitter.com/Ganeshmajumda19/status/1165004521447100416","1","0","0"
"@VeerSenapati","1164999834224361472","#BanHalal in India or we #BoycottMcDonalds #BoycottMcDonaldsHALAL","https://twitter.com/VeerSenapati/status/1164999834224361472","0","0","0"
"@qaisarnazeer123","1164994237768900608","Chutya han #indiots #BoycottMcDonalds #KashmirProtests #ModiHitlerInFrance","https://twitter.com/qaisarnazeer123/status/1164994237768900608","0","1","0"
"@_inscrutable__","1164983552783425537","Agar economy ka yahi haal reha to na Mcdonald india mein rehega or na halal haraam hoga..... What a masterstroke by the government 👏👏👏
#boycottmcdonalds
#ModiHaiToMandiHai
#EconomyGoneBJPMaun","https://twitter.com/_inscrutable__/status/1164983552783425537","0","1","1"
"@jayd2829","1164978060082524161","Ja ke guss ma bhai uske ghar me or khila halal vala khana sab mullo ko #boycottmcdonalds itni hi allah ki padi hai to khate hi kiyo हो ap log meat.","https://twitter.com/jayd2829/status/1164978060082524161","0","0","0"
"@Mahi25607737","1164962685139730433","Zulm bhi khud krty hn n koi zulm k khilaf awaz b na uthae koi insaniyat b baki ha k nhe,19 di ho gy karfu ko na khana ha na medicines kesa guzara kr rhy hn gy kashmir k log Modi tm na b marna ha or badtareeb maut maro gy tm #boycottmcdonalds #ModiKillingKashmiris #KashmirProtests","https://twitter.com/Mahi25607737/status/1164962685139730433","0","0","0"
"@Mahi25607737","1164961228130783233","Agr indian media ya jhota dawa kr rha ha k terrorist enter hua hn then i pray k kashmir ma Talban enter ho jae jae js zulm pr ab tk kuch nhe ho ska 19 din ho gy karfu ko kash k Talban in hawano ko kashmir ma ghus kr mary  #boycottmcdonalds #KashmirProtests","https://twitter.com/Mahi25607737/status/1164961228130783233","0","0","0"
"@sanjayduggal2","1164955872482619395","#BoycottMcDonalds #boycottzomato bc thele ka burger kha lenge , ghar pe kachi pakki roti kha lenge...","https://twitter.com/sanjayduggal2/status/1164955872482619395","0","0","0"
"@141vikash","1164950524799545344","BC ye restaurant kam or madarsa jyada ho gya h, gazab ki bakchodi h. Business kr rha h ya ter*or k liye funding jama kr rha h, mcD n zomato go back.... #BoycottMcDonalds #boycottzomato","https://twitter.com/141vikash/status/1164950524799545344","0","0","0"
"@ambujvagrant","1164947867309465600","bahut kama liye India se ...ab nikal lo..#BoycottMcDonalds","https://twitter.com/ambujvagrant/status/1164947867309465600","0","0","0"
"@danishumair30","1164941242238717957","Munafqat khul k samny a gai...abhi kuch time pehly barhkyn mar rhy thy hindu k hum musalmano k sath pyar se mil jul k rehty hy or ab halal gosht nhi brdasht huey #boycottmcdonalds","https://twitter.com/danishumair30/status/1164941242238717957","0","0","0"
"@MandaviGupta7","1164931761815506944","#boycottmcdonalds 
Phir se ek naya drama shuru krdia logon ne. Itna unemployment... desh sankat mein hai. Trending krna hai to #AmazonFires ko karo .. asli samasya yeh hai.. our planet is suffering..","https://twitter.com/MandaviGupta7/status/1164931761815506944","0","0","0"
"@banarasidimaag","1164927755433070594","@mcdonaldsindia @McDonalds @ZomatoIN @Zomato Balidan Dena hoga !!
#boycottmcdonalds","https://twitter.com/banarasidimaag/status/1164927755433070594","0","1","0"
"@Chowdhuryaviji2","1164927581470093313","Balochistan Mange AZADI ✊
 #boycottmcdonalds","https://twitter.com/Chowdhuryaviji2/status/1164927581470093313","0","3","1"
"@bilva_chhada","1164920968080269312","Ye beta tumne galti kar di #BoycottMcDonalds","https://twitter.com/bilva_chhada/status/1164920968080269312","0","1","0"
"@ToooOpinionated","1164919867637735424","#BoycottMcDonalds to thik hai, par kal ko #BoycottKFC mat kehna yar!","https://twitter.com/ToooOpinionated/status/1164919867637735424","0","0","0"
"@srkattimani04","1164909663281770496","#boycottmcdonalds no to halal","https://twitter.com/srkattimani04/status/1164909663281770496","0","0","0"
"@Ankur__Upreti","1164890382909394944","Ek bhi banda jo ise trend kar rha h mujhe ye batado ki Halal certificate ka mtlb jaante ho?
Halal certificate tells that a particular food item is permissible to eat by Muslims. Ab hum Hindus ka agar esa koi certificate nhi h to isme McD ki kya glti h?
Don't #BoycottMcDonalds","https://twitter.com/Ankur__Upreti/status/1164890382909394944","0","1","0"
"@DiixiitG","1164886057332031488","Halal ho ya jhatka I don't like meat ulti aati h.. so #boycottMeat #BoycottMcDonaldsHALAL #boycottmcdonalds","https://twitter.com/DiixiitG/status/1164886057332031488","0","2","0"
"@KunalJoshi1221","1164868161105096704","#BoycottMcDonalds f..k of yuu","https://twitter.com/KunalJoshi1221/status/1164868161105096704","0","1","1"
"@bhot_hard_","1164865923754233856","Le McDonald-
Apun ko ni pta, apun ko bus G@@n marwani thi Tweet krk....
#McDonalds
#boycottmcdonalds","https://twitter.com/bhot_hard_/status/1164865923754233856","0","0","0"
"@MumGuy98","1164865818628251648","Fir bi kaun khata hai Mc Donalds se 😛😛 #BoycottMcDonalds","https://twitter.com/MumGuy98/status/1164865818628251648","0","0","0"
"@freekoparker","1164861778548781057","#BoycottMcDonalds 😂😌🤣
How to communalise jhatka wala McD alag Halala wala alag phir woh hindu logo ka McD yeh muslim logo ka McD
phir muslim logo ke McD ke samne suar fekhna
aur hindu logo ke McD ke samne Guy...😁🤪😜😂","https://twitter.com/freekoparker/status/1164861778548781057","0","0","0"
"@spirituaholic","1164843766898933761","#boycottmcdonalds 
Ab kuch brahman k gyani aker
Purei brahman ka gyan dengey yaha, economy ka haal ,business ka haal blah blah blah aur is trend ka mazak Udayengey.
Inko ek simple logic smjh n ata ki hindu ko hi kyu 2nd class treatment dia ja rha hai unhii ki country mei.","https://twitter.com/spirituaholic/status/1164843766898933761","0","1","0"
"@GaandaVision","1164836142379700226","Irony is Hindus demanding jhatka meat from @McDonalds  on Janmashtmi. Itna hypocrisy kyu bhai? #boycottmcdonalds","https://twitter.com/GaandaVision/status/1164836142379700226","0","1","0"
"@hindu_blood","1164833464597663744","#BoycottMcDonalds 🤪🤪 ab inhone Kya Kar Dita??","https://twitter.com/hindu_blood/status/1164833464597663744","0","2","0"
"@vegantinatalism","1164822315667869696","Halal or Jhatka #NothingReligiousAboutIt #BoycottMcDonalds and #GoVegan","https://twitter.com/vegantinatalism/status/1164822315667869696","0","2","0"
"@vegantinatalism","1164822168732962817","Halal or Jhatka #NothingReligiousAboutIt #BoycottMcDonalds","https://twitter.com/vegantinatalism/status/1164822168732962817","0","1","0"
"@ParthilH","1164812653509767169","#BoycottMcDonalds 
Nikal laudi pahli fusrat me nikal","https://twitter.com/ParthilH/status/1164812653509767169","0","0","0"
"@NakhareWalii","1164808955672973312","Kejriwal k sath dharna karo

 #BoycottMcDonalds","https://twitter.com/NakhareWalii/status/1164808955672973312","0","0","0"
"@souravpandey1","1164797271155699712","#boycottmcdonalds
Yeh sab chutiapa band karo yaron , har chij mein Hindu Muslim, ab tak to fark nhi padta tha kisi Hindu ko.","https://twitter.com/souravpandey1/status/1164797271155699712","0","0","0"
"@adityadjfb","1164797139278372864","Ab sharma dhabe pr khane walo ko McDonald's boycott krne mein kya jata hai!!!!
😂😂😂😂😂😂😂😂😂😂
PS: Every1 loves sharma dhaba!!!! 
#BoycottMcDonalds
#StandWithMcDonalds
@Pun_Starr @TheKamDevBaba @kjshikhar @indcheated2014 
@rohini_sgh @i_theindian
@karanku100 @RoflGandhi_","https://twitter.com/adityadjfb/status/1164797139278372864","0","1","0"
"@angelaw676","1080960841804070913","AmeriKKKanism.

#BoycottMcDonalds","https://twitter.com/angelaw676/status/1080960841804070913","0","4","1"
"@Randy_Haligman","1004782139987111937","#boycottMcdonalds #I’mPukinit  #StinkySteve","https://twitter.com/Randy_Haligman/status/1004782139987111937","0","0","0"
"@ATMology","939310544409935872","Tak salah dan tak hina pun rakyat #BoycottMcDonalds sebab itu yang mampu kita lakukan sebagai pengguna. Kita bukannya kepala negara nak hentikan nilai dagang Malaysia - Israel RM5 bilion. Please be coherent. #FreePalestine","https://twitter.com/ATMology/status/939310544409935872","0","2","3"
"@ATMology","817311221867085824","Apa?
Nak #BoycottMcDonalds sebab polisi kek halal?
That's good news!
Selesa ciked aku nak baring meniarap atas meja sambil kunyah fries.","https://twitter.com/ATMology/status/817311221867085824","2","3","2"
"@amin_oo","678595004609130497","Dulu dok kat lngkwi sll lepak Tomato
La dah ada McD org tk lepak Tomato dah
Baiya ada cikit kiciwa 
#TomatoDalamKenangan
#boycottmcdonalds","https://twitter.com/amin_oo/status/678595004609130497","0","0","0"
"@amirsyafie_","497552377293975552","""@Chimicangga: HIDUP BURGER RAMLI ! #BoycottMcdonalds""","https://twitter.com/amirsyafie_/status/497552377293975552","0","0","0"
"@EdEricdellco","497275429510586369","Orang suroh #BoycottMcdonalds  bukan musnahkan harta benda. Selalunya rakyat #malaysia ni mmg BANGANG!!! Nak jadi ISRAEL ke???","https://twitter.com/EdEricdellco/status/497275429510586369","0","0","0"
"@azrilnorrashid","496961226757246976","Tentera zionis dh berundur? Alhamdullilah! Syukur ya Allah, tapi boikot tetap boikot! #BoycottIsrael #BoycottMcdonalds #BoycottTesco","https://twitter.com/azrilnorrashid/status/496961226757246976","0","0","0"
"@hafiztoha","496893740389134336","tak mampu byk sikit pon jadi laa..#BoycottIsrael #BoycottMcdonalds","https://twitter.com/hafiztoha/status/496893740389134336","0","0","0"
"@gerakkasih","496643888086413313","Hari jumaat ni, 8-8-2014, bermula 00.01 pagi, 24 jam tanpa McDonald. #SaveGaza #SupportGaza #boycottmcdonalds","https://twitter.com/gerakkasih/status/496643888086413313","0","0","0"
"@AnisQarina_","496632964524941312","Jumaat bersamaan dgn 8 Ogos 2014 bersama-samalah kita boycott MCD 😊👍 #PrayForGaza #BoycottIsrael #BoycottMcdonalds","https://twitter.com/AnisQarina_/status/496632964524941312","0","0","0"
"@Ajimm__","496556069242421249","Pekerja McD tidur lena di tempat kerja tanpa Customer setiap Friday 
#boycottmcdonalds","https://twitter.com/Ajimm__/status/496556069242421249","0","1","2"
"@rahmanhatim","496527112442900480","Jom Boikot Mcd ai jumaat nih #boycottmcdonalds #BoycottESPN #boikotisrael #boikotNAJIB","https://twitter.com/rahmanhatim/status/496527112442900480","0","1","2"
"@SyahrilAbdullah","495802766686568450","Kuatkn semangat utk #BoycottIsrael #BoycottIsraelProducts #BoycottMcDonalds","https://twitter.com/SyahrilAbdullah/status/495802766686568450","0","0","0"
"@azrilnorrashid","494869351992795136","Dikatakan rm1 kita belanjakan di mcd bersamaan 1 peluru kita bg kt israel #BoycottIsrael #BoycottMcDonalds","https://twitter.com/azrilnorrashid/status/494869351992795136","0","0","0"
"@azrilnorrashid","494869060358656002","Td bpk gua ajk smua mkn ns arab sekali tutup last2 drg pg mkn mcd mmg tk ah gua nk mkn boikot tetap boikot #BoycottIsrael #BoycottMcDonalds","https://twitter.com/azrilnorrashid/status/494869060358656002","1","0","0"
"@syahid_zul","494706557343391747","Lakukanlah ape pon yang kita mampu untuk membantu saudara kita di palestin. #PrayForGaza #BoycottMcDonalds #boycottstarbucks #boycottnestle","https://twitter.com/syahid_zul/status/494706557343391747","1","0","0"
"@myhellomedia","487206778258874368","Mengapdet tentang #BoycottMcDonalds di facebook.","https://twitter.com/myhellomedia/status/487206778258874368","0","0","0"
"@zharifghazali","286328175699582976","sebesar mana sgt kita menyumbang pada saudara seislam kita di sana??? #palestine #savegaza #boycottMcDonalds","https://twitter.com/zharifghazali/status/286328175699582976","0","0","0"
